Username,Full Name,Followers,Following,Posts,Verified,Business Account,Category,External URL,Biography,Status
1stphorm,"1st Phorm ğŸ‡ºğŸ‡¸",1380921,5591,442,Yes,Yes,"Product/service","http://1stphorm.com/links/","At 1st Phorm, our mission is to help real people get real, long-term results. 
#IAM1STPHORM  #WEDOTHEWORK",Success
maryruthorganics,"Mary Boehmer",724781,6555,578,Yes,Yes,"Public figure","https://linktr.ee/maryruths","ğŸŒ¸Founder & CEO MaryRuth Organics 
Mom to Ethan, Elliot, Jacob & Grace â¤ï¸
ğŸ“˜@harpercollins Liquids till Lunch ğŸ‘‡
ğŸŒ±100% vegan vitamins",Success
mirasafety,"MIRA Safety",126863,673,1811,Yes,Yes,"Tools/Equipment","https://linktr.ee/MIRA_Safety","Retailers of respiratory and safety devices for military, law enforcement, and civilian defense. 
#MiraSafety
Visit our site! ğŸ‘‡",Success
cymbiotika,"CymbiotikaÂ®",460110,4813,1091,Yes,Yes,"Health/beauty","https://cymbiotika.com/","A new era of supplements is hereâ„¢",Success
seeking.health,"Seeking Health",96359,517,1142,Yes,Yes,"Vitamins/supplements","https://linktr.ee/seeking.health","Bioavailable nutrients for dynamic health. Believe in BetterÂ®
ğŸ’¡ Shop & Learn Here â¤µ",Success
ryzesuperfoods,"RYZE | #1 Bestselling Mushroom Coffee",1112876,58,1323,Yes,Yes,"","http://www.bio.site/ryzesuperfoods","RYZE and shine ğŸ„âœ¨
Feel better with just a cup â˜•ï¸
For energy, focus, mood, digestion & immunityğŸŒŸ",Success
drinklmnt,"LMNT",453402,491,1392,Yes,Yes,"","https://linkin.bio/drinklmnt","Restoring health through hydration #StaySalty",Success
vitalproteins,"Vital Proteins",885678,390,3552,Yes,Yes,"Health/beauty","https://linktr.ee/vitalproteins","Shaking things up.",Success
naturemadevitamins,"Nature Made vitamins",171857,969,1987,Yes,Yes,"","https://bit.ly/NatureMadeNYC","Made to care for you, every day. ğŸ’› Did you take your vitamins today? #NatureMade",Success
quip,"quip",104266,389,1032,Yes,Yes,"Product/service","https://likeshop.me/quip","turn a ""have to"" routine â¡ï¸ ""want to"" ritual
ğŸ«¶ loved by 12+ million
ğŸ‘„ free your mouth!",Success
mucinex_us,"Mucinex",6275,7,126,Yes,Yes,"","https://www.mucinex.com/pages/flip-the-script","Ditch the symptoms and take back your day. With the powerful relief of Mucinex, itâ€™s not cold & flu season â€” itâ€™s Comeback Season ğŸ™Œ",Success
ihealthlabs,"iHealth Labs Inc.",2305,172,495,No,Yes,"Medical & health","http://lnk.bio/ihealth","A healthcare company dedicated to empowering healthier lives. ğŸ§¡ 
Use code ORANGE10 to get 10% off on all orders.",Success
drinkdripdrop,"DripDrop",62092,731,1973,Yes,Yes,"Food & beverage","https://lnk.bio/drinkdripdrop","ğŸ™Œ Proven Fast Hydration with Award Winning TasteğŸ’§
Find us @ Amazon, Walmart, Target, and Costco.comğŸ‘‡",Success
ollynutrition,"OLLY (archive)",1946,0,9,No,No,"","","New name, same delightfulness. Weâ€™ve moved to @ollywellness",Success
drinkorgain,"Orgain",227401,1569,3289,Yes,Yes,"Food & beverage","https://likeshop.me/drinkorgain","Real Nutrition for Real Life
#getrealwithorgain 
Organic & plant-based protein ğŸŒ±ğŸ’ª",Success
nakednutrition,"NAKED nutrition",108146,1627,2368,Yes,Yes,"","https://linkin.bio/nakednutrition","Nutrition With Nothing To Hide
Less ingredients, no additives, more transparency.
Shop NowğŸ‘‡",Success
swolverine,"Swolverineâ„¢",32663,2010,1223,No,Yes,"Vitamins/supplements","http://www.swolverine.com/","JOIN THE SUPPLEMENT REBELLION â˜ ï¸âš¡ï¸
â—¾Transparent
â—¾Clinically Dosed
â—¾Proven Ingredients
â—½ 1:1 personalized nutrition coachingÂ @theswolekitchen",Success
bactrack,"BACtrack | The Leader in Breathalyzers",10096,535,151,Yes,Yes,"","http://bactrack.com/instagram","Weâ€™re on a mission to save lives by helping people make better decisions while drinking.
ğŸ DM us DEAL for a surprise in your DMs ğŸ‘‡",Success
kindredbravely,"Kindred Bravely",288816,1007,3299,No,Yes,"Clothing (Brand)","https://linkin.bio/kindredbravely","For every chapter, from pregnancy to postpartum. Sublimely soft, unparalleled fit & function - so you can focus on what matters most.",Success
alaninutrition,"Alani Nu",1362234,22,615,Yes,Yes,"","https://linktr.ee/AlaniNutrition","Here for you and your tastebudsğŸŠ
Now at Target, Walmart, Costco, Samâ€™s Club, Kroger, The Vitamin Shoppe + moreğŸŒ´",Success
kttape,"KT Tape",116407,560,556,Yes,Yes,"Sports & recreation","https://sprout.link/kttape","Empowering movement to unleash every body's potential through pain relief & support #CrushEveryMoment
+ Learn about KT & watch NEW how-to videos â¬‡ï¸",Success
moonjuice,"MOON JUICE",445592,214,4142,Yes,Yes,"Health/beauty","https://likeshop.me/moonjuice","Plants, science, wisdom ğŸŒˆğŸ„
est. 2011",Success
diffeyewear,"D I F F Charitable Eyewear",764165,638,4953,Yes,Yes,"","https://linkin.bio/ig-diffeyewear","Make a DIFFerence
Sunnies that look good and do good",Success
cpapdotcom,"cpap.com",1630,2,18,No,Yes,"","http://cpap.com/","ğŸ’¡ Expert advice
â­ï¸ Top products
ğŸ§¡ Personalized solutions 
to guide you back to the vibrant world of good sleep. 
Sleep apnea, meet your match.",Success
tigerfitness,"TigerFitness.com",72978,187,5043,No,Yes,"","http://www.tigerfitness.com/","ğŸ§¬ Performance Nutrition Store
ğŸ‘©â€ğŸ’» Personalized Service
ğŸ›« Ship Worldwide",Success
bragg,"Bragg",107490,3858,1388,Yes,Yes,"Shopping & retail","https://likeshop.me/bragg","ğŸ´Products for Every Body Since 1912 
ğŸ Ingredients for a Vibrant Life
ğŸŒProudly B Corp Certified",Success
moscotnyc,"MOSCOT",506201,88,5077,Yes,Yes,"Sunglasses & Eyewear Store","https://moscot.com/","110 Years. 5 Generations. 1 Family.
EYE-conic eyewear since 1915
Free Worldwide Shipping!",Success
amymyersmd,"AMMD â„¢",161473,726,4416,Yes,Yes,"Shopping & retail","http://linktr.ee/amymyersmd","ğŸŒ±Protocols Formulated to Healâ„¢
ğŸ‘©ğŸ¼â€âš•ï¸Women-founded, physician-formulated: @dramymyers
âšªTargeted support for autoimmunity, gut health, thyroid wellness",Success
bubsnaturals,"BUBS Naturals | Collagen, MCT, ACV, & Creatine",60676,2458,2769,Yes,Yes,"","http://www.bubsnaturals.com/","Worldâ€™s Finest NSF Certified and Whole30 Approved Collagen",Success
questnutrition,"Quest Nutrition",1121915,5739,4599,Yes,Yes,"Brand","https://onaquest.co/tapbio","Big on protein. Low on sugar. Huge on flavor. #ItsBasicallyCheating ğŸ’ª",Success
bodyarmor,,,,,,,,,,Failed: Parse error: Unexpected token '<', "<!DOCTYPE "... is not valid JSON
beachbodyondemand,"",26,0,0,No,No,"","","",Success
hyperice,"Hyperice",609388,700,2507,Yes,Yes,"","https://linkin.bio/hyperice","Helping everyone on Earth #MoveBetter, live better, and be better every day.",Success
garmin,"Garmin",1504039,577,3068,Yes,Yes,"","https://linktr.ee/garmin","Engineered on the inside for life on the outside.",Success
whoop,"WHOOP",1731134,430,2197,Yes,Yes,"","https://linktr.ee/whoop","The all-new WHOOP is here â€” your 24/7 wearable coach designed to help you improve your health, fitness, and longevity.",Success
oofos,"OOFOSÂ® Recovery Footwear",174449,1969,1505,Yes,Yes,"","https://linktr.ee/OOFOS","OOFOS recovery footwear combines a patented footbed + proprietary, impact-absorbing OOfoamâ„¢ï¸ Technology to â€œMake yOO Feel Betterâ€ #feeltheOO",Success
bombas,"bombas",342299,572,317,Yes,Yes,"","http://sprout.link/bombas","Making the world a more comfortable place.
One Purchased = One Donated.",Success
drinkolipop,"OLIPOP",402554,2029,1681,Yes,Yes,"Food & beverage","https://nctr.shop/Uq9T2N?utm_sc=Uq9T2N","ğŸ¥¤ a new kind of soda 
ğŸ’ª high fiber, just 2-5g of sugar 
ğŸ“ find us in the fridge & shop new pantry packs",Success
brumate,"BruÌˆMateÂ®",794081,140,1809,Yes,Yes,"","https://linktr.ee/bru.mate","#MadeForThis
We design products that empower
and inspire, enhancing your every day.",Success
cleancause,"CLEAN Cause Yerba Mate",46732,3152,2104,Yes,Yes,"Brand","https://linkin.bio/cleancause","âš¡ A healthier alternative to energy drinks
ğŸ§‰ Organic, lower sugar yerba mate tea
ğŸ’œ 50% net profits support addiction recovery",Success
chomps,"Chomps",148188,3160,2831,Yes,Yes,"","https://linktr.ee/chomps","Better-for-you snacks that deliver on taste, simple ingredients and powerful nutrition! Whole30, Keto, Paleo, Gluten-Free & Allergy-Friendly!",Success
intelligentlabs,"Intelligent Labs",6442,673,1220,No,Yes,"Vitamins/supplements","https://liinks.co/Intelligentlabs","â­ Pure & Premium Supplements
ğŸ§¬ Supported by Scientists
ğŸ’› Third-party Tested
ğŸ’Œ Subscribe our newsletter for exclusive deals!",Success
rawgear,"RAWGEAR",406762,1,0,Yes,Yes,"","http://www.rawgear.com/","Regardless of circumstances 
Go all the way
-
11.28.2025",Success
myvivaprobiotic,,,,,,,,,,Failed: Parse error: Unexpected token '<', "<!DOCTYPE "... is not valid JSON
armra,"à¸£à¹‰à¸²à¸™à¸­à¸²à¸£à¹Œà¸¡à¹€à¸­à¸‡",111,314,17,No,No,"","","à¹€à¸ªà¸·à¹‰à¸­à¸¡à¸·à¸­à¸ªà¸­à¸‡à¸™à¸°à¸à¸µà¹ˆà¸™à¸°.  à¸ªà¹ˆà¸‡à¹€à¸«à¸¡à¸²à¹†49à¸—à¸¸à¸à¸šà¹‰à¸²à¸™ğŸ«¶ğŸ» à¸ªà¸™à¹ƒà¸ˆDm:à¸¡à¸²à¹„à¸”à¹‰à¹€à¸¥à¸¢à¸„à¸±à¸š",Success
equip,"Jas",218,202,8,No,No,"","","dope.",Success
earthechofoods,"Earth Echo | Ancient Organic Superfoods + Modern Wellness",33690,347,2497,No,Yes,"Health/beauty","https://linkin.bio/earthechofoods/","ğŸ”…Tasty superfoods to boost weightloss, immunity, energy, digestion, relaxation & sleep
ğŸŒ Your purchase supports Mother Earth
â¬‡ï¸ Shop + Recipes",Success
madetocrave,"",11,1,3,No,No,"","","â€¢Scripture Sunday, Merry Monday, Tasty Tuesday, Wildflower Wednesday, Tourist Thursday, Fashion Friday, Some of my favorite things Saturdayâ€¢",Success
foursigmatic,"Four Sigmatic",303626,2907,358,Yes,Yes,"","https://us.foursigmatic.com/collections/all?utm_source=organicsocial&utm_medium=linkinbio&utm_campaign=evergreen","Mushrooms Made Smarterâ„¢
â­ï¸ 100k+ 5 Star Reviews
ğŸŒ± USDA Organic + Third Party Tested
ğŸ Unlock a discount! DM â€œğŸ”’â€ to enter",Success
kettleandfire,"Kettle & Fire",141536,807,1474,Yes,Yes,"","https://www.kettleandfire.com/products/grass-fed-grass-finished-beef-tallow-14oz","",Success
livemomentous,,,,,,,,,,Failed: Parse error: Unexpected token '<', "<!DOCTYPE "... is not valid JSON
thorne,"zach",17324,705,2,No,No,"","","not good at this",Success
primalbodyfoods,,,,,,,,,,Failed: Parse error: Unexpected token '<', "<!DOCTYPE "... is not valid JSON
drinkobvi,,,,,,,,,,Failed: Parse error: Unexpected token '<', "<!DOCTYPE "... is not valid JSON
jaxxifit,,,,,,,,,,Failed: Profile not found
nocdurnal,,,,,,,,,,Failed: Parse error: Unexpected token '<', "<!DOCTYPE "... is not valid JSON
biosteel,"Biosteel",57,10,0,No,No,"","","",Success
manukadoctor,"Ø¹Ø³Ù„ Ø§Ù„Ù…Ø§Ù†ÙˆÙƒØ§ ÙÙŠ Ø§Ù„Ø¬Ø²Ø§Ø¦Ø±",45,12,33,No,Yes,"","","",Success
patchmd,,,,,,,,,,Failed: Profile not found
seedprobiotics,,,,,,,,,,Failed: Profile not found
rawsugarliving,,,,,,,,,,Failed: Profile not found
drinksupercoffee,,,,,,,,,,Failed: Profile not found
boostoxygen,,,,,,,,,,Failed: Profile not found
nuunhydration,,,,,,,,,,Failed: Profile not found
truvani,,,,,,,,,,Failed: Profile not found
myoxcience,,,,,,,,,,Failed: Profile not found
rysesupplements,,,,,,,,,,Failed: Profile not found
genuinehealth,,,,,,,,,,Failed: Profile not found
organifi,,,,,,,,,,Failed: Profile not found
ancientnutrition,,,,,,,,,,Failed: Profile not found
needed,,,,,,,,,,Failed: Profile not found
beekeepers_naturals,,,,,,,,,,Failed: Profile not found
kachava,,,,,,,,,,Failed: Profile not found
neurogan,,,,,,,,,,Failed: Profile not found
gorillamind,,,,,,,,,,Failed: Profile not found
toms_of_maine,,,,,,,,,,Failed: Profile not found
cleansimpleeats,,,,,,,,,,Failed: Profile not found
hatchforsleep,,,,,,,,,,Failed: Profile not found
bulksupplements,,,,,,,,,,Failed: Profile not found
ascent_protein,,,,,,,,,,Failed: Profile not found
muscletech,,,,,,,,,,Failed: Profile not found
legendairymilk,,,,,,,,,,Failed: Profile not found
halosleep,,,,,,,,,,Failed: Profile not found
liveowyn,,,,,,,,,,Failed: Profile not found
guenergylabs,,,,,,,,,,Failed: Profile not found
bulletproof,,,,,,,,,,Failed: Profile not found
liquidiv,,,,,,,,,,Failed: Profile not found
eltamdskincare,,,,,,,,,,Failed: Profile not found
therabreath,,,,,,,,,,Failed: Profile not found
intimaterose,,,,,,,,,,Failed: Profile not found
builtbar,,,,,,,,,,Failed: Profile not found
mtnops,,,,,,,,,,Failed: Profile not found
steelsupplements,,,,,,,,,,Failed: Profile not found
immieats,,,,,,,,,,Failed: Profile not found
mdfinstruments,,,,,,,,,,Failed: Profile not found
waterdrop,,,,,,,,,,Failed: Profile not found